{
    "AARON GORDON 2022-23 PANINI-RECON BASKETBALL No. 190": 1.28,
    "Bryce Harper 2023 Topps All Star 89ASB-40": 9.38,
    "Doug Mathis 2008 UPPER DECK SP AUTHENTIC BASEBALL 169": 15.996666666666664,
    "Peyton Manning TOPPS FOOTBALL 50TH ANNIVERSARY 203": 12.39,
    "T.Y. Hilton 2017 Panini Score Football 77": 1.445,
    "DAMIAN LILLARD 2022-23 PANINI - PLAYER OF THE DAY BASKETBALL 9": 4.91,
    "Wanda MARVEL Landa Vision 56": 31.993333333333336
}